"id","page","number","word","remember","Japanese","example"
"1","1","1","revolve","","公転する",""
"2","1","2","rotate","","自転する",""
"3","1","3","erupt","","噴火する",""
"4","1","4","evaporate","","蒸発する",""
"5","1","5","purify","","浄化する",""
"6","1","6","condense","","凝縮する",""
"7","1","7","glitter","","光る",""
"8","1","8","glisten","","輝く",""
"9","1","9","sprout","","芽が出る",""
"10","1","10","ripen","","実がなる",""
"11","1","11","wither","","しおれる",""
"12","1","12","rot","","腐る",""
"13","1","13","hibernate","","冬眠する",""
"14","1","14","evolve","","進化する","evolve from a lower form into a higher form of animal life "
"15","2","1","fuse","","溶ける","Copper and zinc are fused to make brass. "
"16","2","2","circulate","","循環する","Blood circulates through the body."
"17","2","3","overflow","","あふれる","The ponds often overflow in the spring"
"18","2","4","smash","","打ち壊す",""
"19","2","5","explode",""," 爆発する",""
"20","2","6","skim","","すれすれに飛ばす","A swallow flew west skimming the lake. "
"21","2","7","adhere","","くっつく",""
"22","2","8","deflate","","すぼませる",""
"23","2","9","blot","","染み込む",""
"24","2","10","penetrate","","突き通す",""
"25","2","11","magnify","","拡大する",""
"26","2","12","compress","","圧縮する",""
"27","2","13","retain","","保つ",""
"28","2","14","relay","","中継する",""
"29","3","1","linger","","ぐずぐずする","She lingered over her work till late at night."
"30","3","2","trail","","引きずる",""
"31","3","3","shrug","","肩をすくめる","He just shrugged his shoulders."
"32","3","4","dangle","","足をブラブラする",""
"33","3","5","slumber","","まどろむ",""
"34","3","6","rob","","こする",""
"35","3","7","spill","","こぼす",""
"36","3","8","vomit","","吐く",""
"37","3","9","stain","","汚す",""
"38","3","10","tuck","","ズボンの裾をおる",""
"39","3","11","traverse","","横切る",""
"40","3","12","wade",""," (川・ぬかるみなどを)歩く",""
"41","3","13","wring","","絞る",""
"42","3","14","gargle","","うがいをする",""
"43","4","1","polish","","磨く",""
"44","4","2","dye","","髪を染める",""
"45","4","3","braid","","髪を編み込む",""
"46","4","4","powder","","化粧をする(白粉)",""
"47","4","5","undo","","紐を解く",""
"48","4","6","strain","","紐をぴんと張る",""
"49","4","7","disinfect","","消毒をする",""
"50","4","8","scorch","","焦がす",""
"51","4","9","stitch","","刺繍をする",""
"52","4","10","scan","","雑誌をペラペラとめくる",""
"53","4","11","simmer","","煮る",""
"54","4","12","season","","味付けをする",""
"55","4","13","grate","","すり合わせる、こする",""
"56","4","14","garnish","","料理のつけ合わせをする","The roast chicken was garnished with slices of lemon. "
"57","5","1","assemble","","組み立てる",""
"58","5","2","tighten","","きつく締める",""
"59","5","3","subscribe","","定期購読する",""
"60","5","4","queue","","列に並ぶ",""
"61","5","5","browse","","ぶらぶらと商品を見る",""
"62","5","6","misplace","","忘れ物をする",""
"63","5","7","conserve","","節約をする",""
"64","5","8","deposit","","預ける、預金する",""
"65","5","9","exchange","","取り替える、両替する",""
"66","5","10","remit","","仕送りする",""
"67","5","11","utilize","","利用する",""
"68","5","12","sustain","","支える",""
"69","5","13","moonlight","","アルバイトをする",""
"70","5","14","repay","","返済する",""
"71","6","1","rear","","育てる，しつける.",""
"72","6","2","nurture","","養育する、育てる",""
"73","6","3","familiarize","","親しませる、習熟させる",""
"74","6","4","shield","","保護する",""
"75","6","5","foster","","養育する",""
"76","6","6","nourish","","育成する、抱く",""
"77","6","7","concede","","渋々認める",""
"78","6","8","intervene","","邪魔する、介入する",""
"79","6","9","indulge","","甘やかす","She indulges her child. "
"80","6","10","accompany","","付き添う",""
"81","6","11","frown","","眉をひそめる",""
"82","6","12","mold","","形成する",""
"83","6","13","flunk","","落第する",""
"84","6","14","resemble","","似る","Tom resembles his father. "
"85","7","1","conduct","","導く",""
"86","7","2","charm","","うっとりさせる，魅する","She was charmed with the beautiful scene."
"87","7","3","fascinate","","魅惑する，悩殺する",""
"88","7","4","follow","","従う",""
"89","7","5","honor","","尊敬する",""
"90","7","6","adore","","熱愛する",""
"91","7","7","beautify","","美しくする",""
"92","7","8","tread","","行く、通る","He trod the room from end to end."
"93","7","9","smooch",""," キスをする、キスをして抱き合う",""
"94","7","10","impart","","伝える、告げる",""
"95","7","11","delight","","喜ばせる","Your present delighted her."
"96","7","12","signify","","示す，知らせる ","She signified her consent by raising her hand."
"97","7","13","schedule","","計画する",""
"98","7","14","dedicate","","ささげる、専念する","He dedicated himself to the study of bacteria. "
"99","8","1","cultivate","","耕す",""
"100","8","2","reap","","収穫する",""
"101","8","3","embark","","積み込む、乗船させる(船、飛行機)",""
"102","8","4","salvage","","（海難・火災・災害などから）救助する",""
"103","8","5","predict","","予言する",""
"104","8","6","heave","","投げる、投げ出す","Somebody heaved a brick at us."
"105","8","7","wreck","","めちゃめちゃに破壊する","The car was wrecked by the mob. "
"106","8","8","forward","","転送する",""
"107","8","9","usher","","案内する",""
"108","8","10","reconfirm","","再確認する",""
"109","8","11","feed","","注ぎ込む","The river is fed by two tributaries."
"110","8","12","warrant","","保証する",""
"111","8","13","cite","","云う、告げる","He was cited for his accomplishments. "
"112","8","14","enrich","","裕福にする","enrich soil with manure"
"113","9","1","alternate","","交替する","Kate and her sister alternate in setting the table."
"114","9","2","alleviate","","痛みを和らげる","A cold compress often alleviates pain. "
"115","9","3","prescribe","","処方する",""
"116","9","4","dispense","","調剤する",""
"117","9","5","transplant","","移植する、移住させる","I transplanted the seedlings into the garden."
"118","9","6","insulate","","隔離する","insulate a studio from noise "
"119","9","7","interpret","","翻訳する",""
"120","9","8","define","","定義する",""
"121","9","9","exploit","","開発する，開拓する","exploit mineral resources "
"122","9","10","discriminate",""," 区別する、識別する","discriminate against women employees"
"123","9","11","revise","","改訂する、更新する","He has revised his opinions about political reform. "
"124","9","12","stall","","失速させる","His car was stalled in a traffic jam. "
"125","9","13","entitle","","権利を与える","He's entitled to receive a pension."
"126","9","14","expel","","追放する","We managed to expel the enemy from their position."
"127","10","1","shriek","","叫ぶ","“Help! he shrieked."
"128","10","2","recite","","暗唱する","He recited the poem to the class. "
"129","10","3","abet","","けしかける、そそのかす","abet a person in a crime"
"130","10","4","haggle","","言い争う、(しつこく)値切る","haggle about the terms of a contract"
"131","10","5","vow","","誓う","He vowed obedience."
"132","10","6","pledge","","誓う","He pledged his support to me."
"133","10","7","preach","","説教をする、伝道する","The pastor preached to the congregation about the Sermon on the Mount."
"134","10","8","cheat","","だます、だまして取る","He cheated me out of my money. "
"135","10","9","deceive","","だます、欺く","He was deceived into accepting the painting as genuine. "
"136","10","10","criticize","","非難する","The policy of the government was criticized by the opposition party."
"137","10","11","admire","","称賛する、感心する","I admire him for his courage."
"138","10","12","petition","","請願する","We petitioned our MP."
"139","10","13","solicit","","懇請する","He solicited aid from various politicians."
"140","10","14","designate","","選定する、任命する","The President has designated him as the next secretary of state."
"141","11","1","enforce","","強要する、強める","enforce a law"
"142","11","2","hurl","","放る","The hunter hurled his spear at his prey. "
"143","11","3","bluff","","脅す","They bluffed him into giving up. "
"144","11","4","infer","","推測する","He inferred the fact from the evidence he had gathered. "
"145","11","5","pursue","","追跡する","The police pursued the robber."
"146","11","6","nab","","捕らえる、逮捕する","He was nabbed for forgery stealing a car."
"147","11","7","speculate","","推測する","He speculated that this might lead to success."
"148","11","8","extract","","取り出す、抽出する","He has extracted a great many examples from the grammar book."
"149","11","9","pinpoint","","位置を正確に示す",""
"150","11","10","check","","はばむ，阻止する","check an enemy attack"
"151","11","11","vindicate","","正当[潔白]なことを立証する","Later events completely vindicated him."
"152","11","12","trespass","","侵入する、侵害する","No Trespassing."
"153","11","13","resort","","訴える，頼る","At last the police had to resort to force."
"154","11","14","maneuver","","画策する、巧みに操縦する","He maneuvered his car into the garage."
"155","12","1","forecast","","",""
"156","12","2","preside","","",""
"157","12","3","transmit","","",""
"158","12","4","ascertain","","",""
"159","12","5","uncover","","",""
"160","12","6","describe","","",""
"161","12","7","quote","","",""
"162","12","8","second","","",""
"163","12","9","update","","",""
"164","12","10","proofread","","",""
"165","12","11","specify","","",""
"166","12","12","impinge","","",""
"167","12","13","infringe","","",""
"168","12","14","manipulate","","",""
"169","13","1","inquiry","","",""
"170","13","2","state","","",""
"171","13","3","contradict","","",""
"172","13","4","allege","","",""
"173","13","5","clamor","","",""
"174","13","6","entreat","","",""
"175","13","7","insult","","",""
"176","13","8","convey","","",""
"177","13","9","wail","","",""
"178","13","10","imply","","",""
"179","13","11","confess","","",""
"180","13","12","testify","","",""
"181","13","13","perceive","","",""
"182","13","14","console","","",""
"183","14","1","recollect","","",""
"184","14","2","reminisce","","",""
"185","14","3","repent","","",""
"186","14","4","envy","","",""
"187","14","5","cloak","","",""
"188","14","6","avert","","",""
"189","14","7","inflame","","",""
"190","14","8","despise","","",""
"191","14","9","scorn","","",""
"192","14","10","betray","","",""
"193","14","11","curse","","",""
"194","14","12","despair","","",""
"195","14","13","mourn","","",""
"196","14","14","lament","","",""
"197","15","1","dazzle","","",""
"198","15","2","blur","","",""
"199","15","3","delay","","",""
"200","15","4","fertilize","","",""
"201","15","5","generate","","",""
"202","15","6","reassure","","",""
"203","15","7","transfer","","",""
"204","15","8","orient","","",""
"205","15","9","perplex","","",""
"206","15","10","quicken","","",""
"207","15","11","provoke","","",""
"208","15","12","frustrate","","",""
"209","15","13","reconcile","","",""
"210","15","14","augment","","",""
"211","16","1","commute","","",""
"212","16","2","strive","","",""
"213","16","3","accumulate","","",""
"214","16","4","suffice","","",""
"215","16","5","undermine","","",""
"216","16","6","deteriorate","","",""
"217","16","7","refrain","","",""
"218","16","8","abstain","","",""
"219","16","9","suppress","","",""
"220","16","10","bleed","","",""
"221","16","11","recur","","",""
"222","16","12","enfeeble","","",""
"223","16","13","tender","","",""
"224","16","14","regret","","",""
"225","17","1","stimulate","","",""
"226","17","2","understate","","",""
"227","17","3","rouse","","",""
"228","17","4","summon","","",""
"229","17","5","kindle","","",""
"230","17","6","authorize","","",""
"231","17","7","saddle","","",""
"232","17","8","contemplate","","",""
"233","17","9","supervise","","",""
"234","17","10","assess","","",""
"235","17","11","interfere","","",""
"236","17","12","oppress","","",""
"237","17","13","desert","","",""
"238","17","14","disappoint","","",""
"239","18","1","exert","","",""
"240","18","2","ply","","",""
"241","18","3","aspire","","",""
"242","18","4","compromise","","",""
"243","18","5","integrate","","",""
"244","18","6","streamline","","",""
"245","18","7","economize","","",""
"246","18","8","prolong","","",""
"247","18","9","allot","","",""
"248","18","10","evaluate","","",""
"249","18","11","absorb","","",""
"250","18","12","commence","","",""
"251","18","13","accelerate","","",""
"252","18","14","abandon","","",""
"253","19","1","install","","",""
"254","19","2","contrive","","",""
"255","19","3","compile","","",""
"256","19","4","furnish","","",""
"257","19","5","pave","","",""
"258","19","6","refurbish","","",""
"259","19","7","freight","","",""
"260","19","8","accelerate","","",""
"261","19","9","ensure","","",""
"262","19","10","bid","","",""
"263","19","11","guarantee","","",""
"264","19","12","enroll","","",""
"265","19","13","probe","","",""
"266","19","14","audit","","",""
"267","20","1","pool","","",""
"268","20","2","merge","","",""
"269","20","3","amalgamate","","",""
"270","20","4","underwrite","","",""
"271","20","5","bribe","","",""
"272","20","6","diversify","","",""
"273","20","7","reinforce","","",""
"274","20","8","transact","","",""
"275","20","9","thrive","","",""
"276","20","10","defy","","",""
"277","20","11","risk","","",""
"278","20","12","backfire","","",""
"279","20","13","dismay","","",""
"280","20","14","bounce","","",""
"281","21","1","forfeit","","",""
"282","21","2","liquidate","","",""
"283","21","3","discharge","","",""
"284","21","4","shortage","","",""
"285","21","5","lesson","","",""
"286","21","6","confine","","",""
"287","21","7","diminish","","",""
"288","21","8","maintain","","",""
"289","21","9","depreciate","","",""
"290","21","10","resume","","",""
"291","21","11","reimburse","","",""
"292","21","12","invest","","",""
"293","21","13","gain","","",""
"294","21","14","surpass","","",""
"295","22","1","adjourn","","",""
"296","22","2","convene","","",""
"297","22","3","contend","","",""
"298","22","4","uphold","","",""
"299","22","5","disapprove","","",""
"300","22","6","disagree","","",""
"301","22","7","reproach","","",""
"302","22","8","address","","",""
"303","22","9","ponder","","",""
"304","22","10","comprehend","","",""
"305","22","11","accord","","",""
"306","22","12","consent","","",""
"307","22","13","amend","","",""
"308","22","14","resolve","","",""
"309","23","1","owe","","",""
"310","23","2","inherit","","",""
"311","23","3","deal","","",""
"312","23","4","impose","","",""
"313","23","5","endow","","",""
"314","23","6","refund","","",""
"315","23","7","endorse","","",""
"316","23","8","mature","","",""
"317","23","9","postpone","","",""
"318","23","10","subtract","","",""
"319","23","11","advance","","",""
"320","23","12","allocate","","",""
"321","23","13","scrutinize","","",""
"322","23","14","spare","","",""
"323","24","1","boost","","",""
"324","24","2","inflate","","",""
"325","24","3","induce","","",""
"326","24","4","interact","","",""
"327","24","5","soar","","",""
"328","24","6","convert","","",""
"329","24","7","object","","",""
"330","24","8","rally","","",""
"331","24","9","trigger","","",""
"332","24","10","ensue","","",""
"333","24","11","incur","","",""
"334","24","12","plunge","","",""
"335","24","13","foresee","","",""
"336","24","14","surmount","","",""
"337","25","1","embody","","",""
"338","25","2","institute","","",""
"339","25","3","modernize","","",""
"340","25","4","render","","",""
"341","25","5","consist","","",""
"342","25","6","constitute","","",""
"343","25","7","initiate","","",""
"344","25","8","collaborate","","",""
"345","25","9","expedite","","",""
"346","25","10","exceed","","",""
"347","25","11","fund","","",""
"348","25","12","facilitate","","",""
"349","25","13","deserve","","",""
"350","25","14","elevate","","",""
"351","26","1","obstruct","","",""
"352","26","2","lure","","",""
"353","26","3","swindle","","",""
"354","26","4","raid","","",""
"355","26","5","assault","","",""
"356","26","6","ambush","","",""
"357","26","7","rob","","",""
"358","26","8","pirate","","",""
"359","26","9","deprive","","",""
"360","26","10","kidnap","","",""
"361","26","11","implicate","","",""
"362","26","12","demolish","","",""
"363","26","13","revenge","","",""
"364","26","14","assassinate","","",""
"365","27","1","indict","","",""
"366","27","2","proclaim","","",""
"367","27","3","presume","","",""
"368","27","4","verify","","",""
"369","27","5","disclose","","",""
"370","27","6","question","","",""
"371","27","7","arouse","","",""
"372","27","8","paraphrase","","",""
"373","27","9","hover","","",""
"374","27","10","discredit","","",""
"375","27","11","plead","","",""
"376","27","12","sentence","","",""
"377","27","13","condemn","","",""
"378","27","14","inflict","","",""
"379","28","1","scout","","",""
"380","28","2","beset","","",""
"381","28","3","launch","","",""
"382","28","4","bomb","","",""
"383","28","5","assail","","",""
"384","28","6","resist","","",""
"385","28","7","withstand","","",""
"386","28","8","perish","","",""
"387","28","9","evacuate","","",""
"388","28","10","overwhelm","","",""
"389","28","11","overpower","","",""
"390","28","12","surrender","","",""
"391","28","13","overthrow","","",""
"392","28","14","subdue","","",""
"393","29","1","conclude","","",""
"394","29","2","void","","",""
"395","29","3","regulate","","",""
"396","29","4","impound","","",""
"397","29","5","censor","","",""
"398","29","6","prescribe","","",""
"399","29","7","enact","","",""
"400","29","8","abolish","","",""
"401","29","9","purge","","",""
"402","29","10","oblige","","",""
"403","29","11","exempt","","",""
"404","29","12","levy","","",""
"405","29","13","reshuffle","","",""
"406","29","14","retrieve","","",""
"407","30","1","heat wave","","",""
"408","30","2","humidity","","",""
"409","30","3","deluge","","",""
"410","30","4","cold front","","",""
"411","30","5","cold air mass","","",""
"412","30","6","cold wave","","",""
"413","30","7","tremor","","",""
"414","30","8","epicenter","","",""
"415","30","9","eruption","","",""
"416","30","10","tornado","","",""
"417","30","11","mutation","","",""
"418","30","12","ecosystem","","",""
"419","30","13","phenomenon","","",""
"420","30","14","erosion","","",""
"421","31","1","flake","","",""
"422","31","2","fragment","","",""
"423","31","3","contraction","","",""
"424","31","4","bulk","","",""
"425","31","5","ingredient","","",""
"426","31","6","composition","","",""
"427","31","7","apex","","",""
"428","31","8","criterion","","",""
"429","31","9","gauge","","",""
"430","31","10","ratio","","",""
"431","31","11","segment","","",""
"432","31","12","momentum","","",""
"433","31","13","mode","","",""
"434","31","14","equation","","",""
"435","32","1","fossil","","",""
"436","32","2","crude oil","","",""
"437","32","3","nuclear reactor","","",""
"438","32","4","nuclear waste","","",""
"439","32","5","optical fiber","","",""
"440","32","6","satellite","","",""
"441","32","7","accuracy","","",""
"442","32","8","liquid crystal","","",""
"443","32","9","central processing unit","","",""
"444","32","10","performance","","",""
"445","32","11","velocity","","",""
"446","32","12","integrated circuit","","",""
"447","32","13","semiconductor","","",""
"448","32","14","artificial intelligence","","",""
"449","33","1","food additives","","",""
"450","33","2","artificial colors","","",""
"451","33","3","sewage","","",""
"452","33","4","exhaust gas","","",""
"453","33","5","air pollution","","",""
"454","33","6","industrial waste water","","",""
"455","33","7","sludge","","",""
"456","33","8","photochemical gas","","",""
"457","33","9","defect","","",""
"458","33","10","disaster","","",""
"459","33","11","mine","","",""
"460","33","12","pollution","","",""
"461","33","13","obstacle","","",""
"462","33","14","sacrifice","","",""
"463","34","1","precaution","","",""
"464","34","2","readiness","","",""
"465","34","3","discipline","","",""
"466","34","4","refuge","","",""
"467","34","5","mix-up","","",""
"468","34","6","disorder","","",""
"469","34","7","vicinity","","",""
"470","34","8","populace","","",""
"471","34","9","performance","","",""
"472","34","10","realm","","",""
"473","34","11","procedure","","",""
"474","34","12","peril","","",""
"475","34","13","multitude","","",""
"476","34","14","scar","","",""
"477","35","1","province","","",""
"478","35","2","prefecture","","",""
"479","35","3","county","","",""
"480","35","4","metropolis","","",""
"481","35","5","aquarium","","",""
"482","35","6","wharf","","",""
"483","35","7","pier","","",""
"484","35","8","refinery","","",""
"485","35","9","reservoir","","",""
"486","35","10","oval","","",""
"487","35","11","arena","","",""
"488","35","12","dormitory","","",""
"489","35","13","farmhouse","","",""
"490","35","14","wilderness","","",""
"491","36","1","liner","","",""
"492","36","2","coach","","",""
"493","36","3","surcharge","","",""
"494","36","4","entry inspection","","",""
"495","36","5","transportation","","",""
"496","36","6","destination","","",""
"497","36","7","traffic congestion","","",""
"498","36","8","intersection","","",""
"499","36","9","pedestrian crossing","","",""
"500","36","10","skyscraper","","",""
"501","36","11","the sights","","",""
"502","36","12","depot","","",""
"503","36","13","vending machine","","",""
"504","36","14","wicket","","",""
"505","37","1","savor","","",""
"506","37","2","flavor","","",""
"507","37","3","zest","","",""
"508","37","4","foam","","",""
"509","37","5","dough","","",""
"510","37","6","chunk","","",""
"511","37","7","aperitif","","",""
"512","37","8","feast","","",""
"513","37","9","luncheon","","",""
"514","37","10","cuisine","","",""
"515","37","11","gourmet","","",""
"516","37","12","hospitality","","",""
"517","37","13","additive","","",""
"518","37","14","preservative","","",""
"519","38","1","extended family","","",""
"520","38","2","nuclear family","","",""
"521","38","3","sibling","","",""
"522","38","4","biological parent","","",""
"523","38","5","foster parent","","",""
"524","38","6","adoption","","",""
"525","38","7","stepmother","","",""
"526","38","8","parenting","","",""
"527","38","9","day-care center","","",""
"528","38","10","custody","","",""
"529","38","11","surname","","",""
"530","38","12","heredity","","",""
"531","38","13","descent","","",""
"532","38","14","legacy","","",""
"533","39","1","household medicine","","",""
"534","39","2","gargle","","",""
"535","39","3","thermometer","","",""
"536","39","4","antifebrile","","",""
"537","39","5","aspirin","","",""
"538","39","6","cough medicine","","",""
"539","39","7","cold medicine","","",""
"540","39","8","digestive aid","","",""
"541","39","9","binding medicine","","",""
"542","39","10","laxative","","",""
"543","39","11","antiseptic","","",""
"544","39","12","ointment","","",""
"545","39","13","sticking plaster","","",""
"546","39","14","compress","","",""
"547","40","1","food poisoning","","",""
"548","40","2","alcoholic","","",""
"549","40","3","addiction","","",""
"550","40","4","workaholic","","",""
"551","40","5","malnutrition","","",""
"552","40","6","constipation","","",""
"553","40","7","diarrhea","","",""
"554","40","8","indigestion","","",""
"555","40","9","gastritis","","",""
"556","40","10","ulcer","","",""
"557","40","11","pollinosis","","",""
"558","40","12","pneumonia","","",""
"559","40","13","diabetes","","",""
"560","40","14","stroke","","",""
"561","41","1","plague","","",""
"562","41","2","epidemic","","",""
"563","41","3","nausea","","",""
"564","41","4","rash","","",""
"565","41","5","spasm","","",""
"566","41","6","paralysis","","",""
"567","41","7","symptom","","",""
"568","41","8","aerial infection","","",""
"569","41","9","contact infection","","",""
"570","41","10","prevention","","",""
"571","41","11","vaccination","","",""
"572","41","12","injection","","",""
"573","41","13","convalescence","","",""
"574","41","14","aftereffect","","",""
"575","42","1","urine","","",""
"576","42","2","enema","","",""
"577","42","3","blood vessel","","",""
"578","42","4","syringe","","",""
"579","42","5","ultrasound examination","","",""
"580","42","6","X-ray","","",""
"581","42","7","gastroscope","","",""
"582","42","8","cancer cells","","",""
"583","42","9","anticancer","","",""
"584","42","10","operating room","","",""
"585","42","11","anesthesia","","",""
"586","42","12","intravenous solution","","",""
"587","42","13","scalpel","","",""
"588","42","14","artificial respiration","","",""
"589","43","1","menstruation","","",""
"590","43","2","pregnancy","","",""
"591","43","3","diagnosis","","",""
"592","43","4","inspection","","",""
"593","43","5","womb","","",""
"594","43","6","embryo","","",""
"595","43","7","nutrition","","",""
"596","43","8","fetus","","",""
"597","43","9","labor","","",""
"598","43","10","childbirth","","",""
"599","43","11","caesarean","","",""
"600","43","12","contraception","","",""
"601","43","13","abortion","","",""
"602","43","14","miscarriage","","",""
"603","44","1","general hospital","","",""
"604","44","2","internal medicine","","",""
"605","44","3","obstetrics","","",""
"606","44","4","gynecology","","",""
"607","44","5","pediatrics","","",""
"608","44","6","ophthalmology","","",""
"609","44","7","orthopedics","","",""
"610","44","8","dermatology","","",""
"611","44","9","neurology","","",""
"612","44","10","cosmetic plastic surgery","","",""
"613","44","11","mental hospital","","",""
"614","44","12","veterinary hospital","","",""
"615","44","13","chiropractic","","",""
"616","44","14","acupunctural","","",""
"617","45","1","dishonor","","",""
"618","45","2","suicide","","",""
"619","45","3","testament","","",""
"620","45","4","belongings","","",""
"621","45","5","corpse","","",""
"622","45","6","autopsy","","",""
"623","45","7","funeral ceremony","","",""
"624","45","8","morning","","",""
"625","45","9","coffin","","",""
"626","45","10","farewell","","",""
"627","45","11","hearse","","",""
"628","45","12","cemetery","","",""
"629","45","13","grave","","",""
"630","45","14","mortality","","",""
"631","46","1","matriculation","","",""
"632","46","2","tuition","","",""
"633","46","3","scholarship","","",""
"634","46","4","term paper","","",""
"635","46","5","final","","",""
"636","46","6","grade","","",""
"637","46","7","report card","","",""
"638","46","8","major","","",""
"639","46","9","transcript","","",""
"640","46","10","graduate thesis","","",""
"641","46","11","bachelor's degree","","",""
"642","46","12","commencement","","",""
"643","46","13","diploma","","",""
"644","46","14","doctorate","","",""
"645","47","1","school expenses","","",""
"646","47","2","remittance","","",""
"647","47","3","preparation","","",""
"648","47","4","qualification","","",""
"649","47","5","job festival","","",""
"650","47","6","explanation","","",""
"651","47","7","profession","","",""
"652","47","8","yearbook","","",""
"653","47","9","alma mater","","",""
"654","47","10","alumnus","","",""
"655","47","11","directory","","",""
"656","47","12","reunion","","",""
"657","47","13","graduate school","","",""
"658","47","14","seminary","","",""
"659","48","1","spine","","",""
"660","48","2","binding","","",""
"661","48","3","the complete works","","",""
"662","48","4","masterpiece","","",""
"663","48","5","detective story","","",""
"664","48","6","biography","","",""
"665","48","7","autobiography","","",""
"666","48","8","script","","",""
"667","48","9","encyclopedia","","",""
"668","48","10","photograph collection","","",""
"669","48","11","picture book","","",""
"670","48","12","thesis","","",""
"671","48","13","material","","",""
"672","48","14","document","","",""
"673","49","1","philosophy","","",""
"674","49","2","politics","","",""
"675","49","3","anthropology","","",""
"676","49","4","archaeology","","",""
"677","49","5","economics","","",""
"678","49","6","anatomy","","",""
"679","49","7","psychology","","",""
"680","49","8","biology","","",""
"681","49","9","botany","","",""
"682","49","10","geography","","",""
"683","49","11","astronomy","","",""
"684","49","12","physics","","",""
"685","49","13","chemistry","","",""
"686","49","14","electronics","","",""
"687","50","1","degeneration","","",""
"688","50","2","expulsion","","",""
"689","50","3","wandering","","",""
"690","50","4","flood","","",""
"691","50","5","cult","","",""
"692","50","6","escape","","",""
"693","50","7","roaming","","",""
"694","50","8","Advent","","",""
"695","50","9","prophecy","","",""
"696","50","10","appearance","","",""
"697","50","11","prayer","","",""
"698","50","12","conversion","","",""
"699","50","13","doctrine","","",""
"700","50","14","the Reformation","","",""
"701","51","1","journal","","",""
"702","51","2","credibility","","",""
"703","51","3","front page","","",""
"704","51","4","headline","","",""
"705","51","5","cover story","","",""
"706","51","6","editorial","","",""
"707","51","7","coverage","","",""
"708","51","8","publication","","",""
"709","51","9","cartoon","","",""
"710","51","10","critique","","",""
"711","51","11","classified ad","","",""
"712","51","12","agony column","","",""
"713","51","13","obituary","","",""
"714","51","14","circulation","","",""
"715","52","1","press conference","","",""
"716","52","2","bulletin","","",""
"717","52","3","transmission via satellite","","",""
"718","52","4","update","","",""
"719","52","5","feeding frenzy","","",""
"720","52","6","intelligence","","",""
"721","52","7","self-imposed control","","",""
"722","52","8","inquiry","","",""
"723","52","9","questionnaire","","",""
"724","52","10","information intensive society","","",""
"725","52","11","wire service","","",""
"726","52","12","syndicate","","",""
"727","52","13","retrieval","","",""
"728","52","14","insert","","",""
"729","53","1","courier","","",""
"730","53","2","tutor","","",""
"731","53","3","anchorman","","",""
"732","53","4","ranger","","",""
"733","53","5","practitioner","","",""
"734","53","6","astronaut","","",""
"735","53","7","servant","","",""
"736","53","8","professor","","",""
"737","53","9","chemist","","",""
"738","53","10","diploma","","",""
"739","53","11","ambassador","","",""
"740","53","12","senator","","",""
"741","53","13","aide","","",""
"742","53","14","chancellor","","",""
"743","54","1","conservative","","",""
"744","54","2","pensioner","","",""
"745","54","3","spectator","","",""
"746","54","4","commuter","","",""
"747","54","5","landlord","","",""
"748","54","6","delegate","","",""
"749","54","7","athlete","","",""
"750","54","8","receptionist","","",""
"751","54","9","entrepreneur","","",""
"752","54","10","creditor","","",""
"753","54","11","trustee","","",""
"754","54","12","incumbent","","",""
"755","54","13","bureaucrat","","",""
"756","54","14","sergeant","","",""
"757","55","1","apprentice","","",""
"758","55","2","nuisance","","",""
"759","55","3","coward","","",""
"760","55","4","patriot","","",""
"761","55","5","deputy","","",""
"762","55","6","representative","","",""
"763","55","7","predecessor","","",""
"764","55","8","superior","","",""
"765","55","9","subordinate","","",""
"766","55","10","colleague","","",""
"767","55","11","comrade","","",""
"768","55","12","buddy","","",""
"769","55","13","mate","","",""
"770","55","14","opponent","","",""
"771","56","1","savior","","",""
"772","56","2","prophet","","",""
"773","56","3","disciple","","",""
"774","56","4","believer","","",""
"775","56","5","throng","","",""
"776","56","6","clergyman","","",""
"777","56","7","clergy","","",""
"778","56","8","pope","","",""
"779","56","9","bishop","","",""
"780","56","10","priest","","",""
"781","56","11","pilgrim","","",""
"782","56","12","laity","","",""
"783","56","13","philanthropist","","",""
"784","56","14","mentor","","",""
"785","57","1","aggressor","","",""
"786","57","2","refugee","","",""
"787","57","3","peasant","","",""
"788","57","4","immigrant","","",""
"789","57","5","offender","","",""
"790","57","6","confederate","","",""
"791","57","7","convict","","",""
"792","57","8","fugitive","","",""
"793","57","9","dictator","","",""
"794","57","10","protester","","",""
"795","57","11","rebel","","",""
"796","57","12","guerrilla","","",""
"797","57","13","mob","","",""
"798","57","14","dweller","","",""
"799","58","1","poacher","","",""
"800","58","2","mugger","","",""
"801","58","3","burglar","","",""
"802","58","4","kidnapper","","",""
"803","58","5","hostage","","",""
"804","58","6","assassin","","",""
"805","58","7","plaintiff","","",""
"806","58","8","defendant","","",""
"807","58","9","the accused","","",""
"808","58","10","prosecutor","","",""
"809","58","11","eyewitness","","",""
"810","58","12","juror","","",""
"811","58","13","counselor","","",""
"812","58","14","felon","","",""
"813","59","1","gratitude","","",""
"814","59","2","esteem","","",""
"815","59","3","warmth","","",""
"816","59","4","discretion","","",""
"817","59","5","ethics","","",""
"818","59","6","prestige","","",""
"819","59","7","zeal","","",""
"820","59","8","posture","","",""
"821","59","9","insight","","",""
"822","59","10","faculty","","",""
"823","59","11","courtesy","","",""
"824","59","12","devotion","","",""
"825","59","13","mercy","","",""
"826","59","14","tolerance","","",""
"827","60","1","apathy","","",""
"828","60","2","bias","","",""
"829","60","3","prejudice","","",""
"830","60","4","preconception","","",""
"831","60","5","revolt","","",""
"832","60","6","nostalgia","","",""
"833","60","7","compassion","","",""
"834","60","8","sympathy","","",""
"835","60","9","sorrow","","",""
"836","60","10","aversion","","",""
"837","60","11","contempt","","",""
"838","60","12","disappointment","","",""
"839","60","13","isolation","","",""
"840","60","14","distress","","",""
"841","61","1","pledge","","",""
"842","61","2","rumor","","",""
"843","61","3","sarcasm","","",""
"844","61","4","tangle","","",""
"845","61","5","proposal","","",""
"846","61","6","forum","","",""
"847","61","7","rhetoric","","",""
"848","61","8","compliment","","",""
"849","61","9","condolence","","",""
"850","61","10","salutation","","",""
"851","61","11","recipe","","",""
"852","61","12","grievance","","",""
"853","61","13","summary","","",""
"854","61","14","synopsis","","",""
"855","62","1","scope","","",""
"856","62","2","longing","","",""
"857","62","3","comprehension","","",""
"858","62","4","caution","","",""
"859","62","5","instinct","","",""
"860","62","6","disposition","","",""
"861","62","7","notion","","",""
"862","62","8","triumph","","",""
"863","62","9","intuition","","",""
"864","62","10","illusion","","",""
"865","62","11","malice","","",""
"866","62","12","humanity","","",""
"867","62","13","eclipse","","",""
"868","62","14","delusion","","",""
"869","63","1","consideration","","",""
"870","63","2","speculation","","",""
"871","63","3","conviction","","",""
"872","63","4","concord","","",""
"873","63","5","discord","","",""
"874","63","6","assurance","","",""
"875","63","7","hardship","","",""
"876","63","8","consent","","",""
"877","63","9","drawback","","",""
"878","63","10","emotion","","",""
"879","63","11","tendency","","",""
"880","63","12","flaw","","",""
"881","63","13","integrity","","",""
"882","63","14","equality","","",""
"883","64","1","time sheet","","",""
"884","64","2","office supplies","","",""
"885","64","3","office equipment","","",""
"886","64","4","apparatus","","",""
"887","64","5","bulletin board","","",""
"888","64","6","slip","","",""
"889","64","7","order form","","",""
"890","64","8","breakdown","","",""
"891","64","9","balance sheet","","",""
"892","64","10","transaction","","",""
"893","64","11","clerical job","","",""
"894","64","12","expenses","","",""
"895","64","13","upkeep","","",""
"896","64","14","endorsement","","",""
"897","65","1","place of origin","","",""
"898","65","2","raw material","","",""
"899","65","3","rating","","",""
"900","65","4","assemble plant","","",""
"901","65","5","assemble line","","",""
"902","65","6","efficiency","","",""
"903","65","7","defective merchandise","","",""
"904","65","8","reject","","",""
"905","65","9","malfunction","","",""
"906","65","10","labor","","",""
"907","65","11","working conditions","","",""
"908","65","12","lockout","","",""
"909","65","13","disadvantage","","",""
"910","65","14","outlet","","",""
"911","66","1","merchandise","","",""
"912","66","2","counterfeit good","","",""
"913","66","3","loss leader","","",""
"914","66","4","sales price","","",""
"915","66","5","market price","","",""
"916","66","6","retail price","","",""
"917","66","7","regular price","","",""
"918","66","8","list price","","",""
"919","66","9","wholesales price","","",""
"920","66","10","addition","","",""
"921","66","11","disposal","","",""
"922","66","12","liquidation sale","","",""
"923","66","13","inventory","","",""
"924","66","14","monopoly","","",""
"925","67","1","big business","","",""
"926","67","2","small business","","",""
"927","67","3","assets","","",""
"928","67","4","liabilities","","",""
"929","67","5","working capital","","",""
"930","67","6","borrowed capital","","",""
"931","67","7","capital increase","","",""
"932","67","8","capital reduction","","",""
"933","67","9","operation costs","","",""
"934","67","10","operation income","","",""
"935","67","11","establishment","","",""
"936","67","12","merger","","",""
"937","67","13","takeover","","",""
"938","67","14","bankruptcy","","",""
"939","68","1","recruitment","","",""
"940","68","2","job seeking","","",""
"941","68","3","employment","","",""
"942","68","4","dismissal","","",""
"943","68","5","severance","","",""
"944","68","6","vocation","","",""
"945","68","7","trade","","",""
"946","68","8","expertise","","",""
"947","68","9","duties","","",""
"948","68","10","undertaking","","",""
"949","68","11","competence","","",""
"950","68","12","capability","","",""
"951","68","13","remuneration","","",""
"952","68","14","promotion","","",""
"953","69","1","seasonal worker","","",""
"954","69","2","skilled worker","","",""
"955","69","3","management","","",""
"956","69","4","labor agreement","","",""
"957","69","5","unionist","","",""
"958","69","6","labor union","","",""
"959","69","7","labor movement","","",""
"960","69","8","labor dispute","","",""
"961","69","9","collective bargaining","","",""
"962","69","10","workout","","",""
"963","69","11","indefinite-period strike","","",""
"964","69","12","wildcat strike","","",""
"965","69","13","striker","","",""
"966","69","14","mediation","","",""
"967","70","1","fortune","","",""
"968","70","2","assessment","","",""
"969","70","3","administration","","",""
"970","70","4","business associate","","",""
"971","70","5","bounty","","",""
"972","70","6","diversification","","",""
"973","70","7","cornering","","",""
"974","70","8","changeover","","",""
"975","70","9","achievement","","",""
"976","70","10","liability","","",""
"977","70","11","commission","","",""
"978","70","12","picture","","",""
"979","70","13","development","","",""
"980","70","14","instability","","",""
"981","71","1","account settlement","","",""
"982","71","2","principle","","",""
"983","71","3","interest","","",""
"984","71","4","volume","","",""
"985","71","5","proceeds","","",""
"986","71","6","surplus","","",""
"987","71","7","gain","","",""
"988","71","8","earnings","","",""
"989","71","9","corporate profits","","",""
"990","71","10","break-even point","","",""
"991","71","11","taxation","","",""
"992","71","12","income tax","","",""
"993","71","13","expenditure","","",""
"994","71","14","liquidation","","",""
"995","72","1","stock","","",""
"996","72","2","stock exchange","","",""
"997","72","3","Big Board","","",""
"998","72","4","stock market","","",""
"999","72","5","stock quotations","","",""
"1000","72","6","broad market","","",""
"1001","72","7","bull market","","",""
"1002","72","8","seller's market","","",""
"1003","72","9","buyer's market","","",""
"1004","72","10","dumping","","",""
"1005","72","11","fluctuation","","",""
"1006","72","12","holding","","",""
"1007","72","13","blue-chip","","",""
"1008","72","14","dividend","","",""
"1009","73","1","hike","","",""
"1010","73","2","vigor","","",""
"1011","73","3","reduction","","",""
"1012","73","4","bear market","","",""
"1013","73","5","recession","","",""
"1014","73","6","price tumble","","",""
"1015","73","7","industry","","",""
"1016","73","8","prognosis","","",""
"1017","73","9","vicious circle","","",""
"1018","73","10","perspective","","",""
"1019","73","11","dead end","","",""
"1020","73","12","recovery","","",""
"1021","73","13","stagnation","","",""
"1022","73","14","revenue","","",""
"1023","74","1","bargain","","",""
"1024","74","2","down payment","","",""
"1025","74","3","interest rate","","",""
"1026","74","4","promissory note","","",""
"1027","74","5","draft","","",""
"1028","74","6","dishonor","","",""
"1029","74","7","dishonored bill","","",""
"1030","74","8","default","","",""
"1031","74","9","foreclosure","","",""
"1032","74","10","mortgage","","",""
"1033","74","11","property tax","","",""
"1034","74","12","tax break","","",""
"1035","74","13","tax hike","","",""
"1036","74","14","tax cut","","",""
"1037","75","1","tariff","","",""
"1038","75","2","censorship","","",""
"1039","75","3","subsidy","","",""
"1040","75","4","indemnity","","",""
"1041","75","5","quota","","",""
"1042","75","6","shortage","","",""
"1043","75","7","balance of trade","","",""
"1044","75","8","protectionism","","",""
"1045","75","9","pact","","",""
"1046","75","10","trade imbalance","","",""
"1047","75","11","friction","","",""
"1048","75","12","sanction","","",""
"1049","75","13","annulment","","",""
"1050","75","14","embargo","","",""
"1051","76","1","plagiarism","","",""
"1052","76","2","temptation","","",""
"1053","76","3","narcotic","","",""
"1054","76","4","fraud","","",""
"1055","76","5","ploy","","",""
"1056","76","6","menace","","",""
"1057","76","7","conspiracy","","",""
"1058","76","8","larceny","","",""
"1059","76","9","burglary","","",""
"1060","76","10","robbery","","",""
"1061","76","11","arson","","",""
"1062","76","12","outrage","","",""
"1063","76","13","homicide","","",""
"1064","76","14","bloodshed","","",""
"1065","77","1","euphoria","","",""
"1066","77","2","sequence","","",""
"1067","77","3","dismay","","",""
"1068","77","4","gloom","","",""
"1069","77","5","tragedy","","",""
"1070","77","6","grief","","",""
"1071","77","7","hatred","","",""
"1072","77","8","curse","","",""
"1073","77","9","poverty","","",""
"1074","77","10","doom","","",""
"1075","77","11","spite","","",""
"1076","77","12","obsession","","",""
"1077","77","13","succession","","",""
"1078","77","14","motive","","",""
"1079","78","1","clue","","",""
"1080","78","2","fingerprint","","",""
"1081","78","3","composition picture","","",""
"1082","78","4","ambush","","",""
"1083","78","5","ransom","","",""
"1084","78","6","writ","","",""
"1085","78","7","dragnet","","",""
"1086","78","8","roundup","","",""
"1087","78","9","detention","","",""
"1088","78","10","confession","","",""
"1089","78","11","bail","","",""
"1090","78","12","penalty","","",""
"1091","78","13","punishment","","",""
"1092","78","14","imprisonment","","",""
"1093","79","1","libel","","",""
"1094","79","2","accusation","","",""
"1095","79","3","lawsuit","","",""
"1096","79","4","appeal","","",""
"1097","79","5","trial","","",""
"1098","79","6","venue","","",""
"1099","79","7","interrogation","","",""
"1100","79","8","cross-examination","","",""
"1101","79","9","testimony","","",""
"1102","79","10","perjury","","",""
"1103","79","11","judgment","","",""
"1104","79","12","verdict","","",""
"1105","79","13","conviction","","",""
"1106","79","14","probation","","",""
"1107","80","1","autocracy","","",""
"1108","80","2","repression","","",""
"1109","80","3","reign","","",""
"1110","80","4","tyranny","","",""
"1111","80","5","cruelty","","",""
"1112","80","6","torture","","",""
"1113","80","7","dissident","","",""
"1114","80","8","insurgent","","",""
"1115","80","9","insurrection","","",""
"1116","80","10","riot","","",""
"1117","80","11","raid","","",""
"1118","80","12","fort","","",""
"1119","80","13","anarchy","","",""
"1120","80","14","chaos","","",""
"1121","81","1","strife","","",""
"1122","81","2","treaty","","",""
"1123","81","3","exile","","",""
"1124","81","4","deportation","","",""
"1125","81","5","expropriation","","",""
"1126","81","6","surveillance","","",""
"1127","81","7","martial law","","",""
"1128","81","8","shutdown","","",""
"1129","81","9","curfew","","",""
"1130","81","10","militia","","",""
"1131","81","11","ammunition","","",""
"1132","81","12","defense","","",""
"1133","81","13","strategy","","",""
"1134","81","14","espionage","","",""
"1135","82","1","opposition","","",""
"1136","82","2","intervention","","",""
"1137","82","3","hegemony","","",""
"1138","82","4","warfare","","",""
"1139","82","5","barrage","","",""
"1140","82","6","sovereignty","","",""
"1141","82","7","jurisdiction","","",""
"1142","82","8","ruling","","",""
"1143","82","9","communique","","",""
"1144","82","10","agitation","","",""
"1145","82","11","defection","","",""
"1146","82","12","withdrawal","","",""
"1147","82","13","invasion","","",""
"1148","82","14","arbitration","","",""
"1149","83","1","Diet","","",""
"1150","83","2","Parliament","","",""
"1151","83","3","Cabinet","","",""
"1152","83","4","regime","","",""
"1153","83","5","faction","","",""
"1154","83","6","legislature","","",""
"1155","83","7","bureaucracy","","",""
"1156","83","8","bribe","","",""
"1157","83","9","constituency","","",""
"1158","83","10","stump","","",""
"1159","83","11","poll","","",""
"1160","83","12","plebiscite","","",""
"1161","83","13","ballot","","",""
"1162","83","14","landslide","","",""
"1163","84","1","over-protection","","",""
"1164","84","2","delinquency","","",""
"1165","84","3","census","","",""
"1166","84","4","welfare","","",""
"1167","84","5","social aid","","",""
"1168","84","6","ghetto","","",""
"1169","84","7","remedy","","",""
"1170","84","8","compensation","","",""
"1171","84","9","violation","","",""
"1172","84","10","infringement","","",""
"1173","84","11","privilege","","",""
"1174","84","12","amnesty","","",""
"1175","84","13","opposition","","",""
"1176","84","14","lobby","","",""
"1177","85","1","presidency","","",""
"1178","85","2","recognition","","",""
"1179","85","3","veto","","",""
"1180","85","4","abuse","","",""
"1181","85","5","organization","","",""
"1182","85","6","caucus","","",""
"1183","85","7","council","","",""
"1184","85","8","autonomy","","",""
"1185","85","9","session","","",""
"1186","85","10","hearing","","",""
"1187","85","11","controversy","","",""
"1188","85","12","resolution","","",""
"1189","85","13","breakthrough","","",""
"1190","85","14","execution","","",""
"1191","86","1","floral","","",""
"1192","86","2","illegible","","",""
"1193","86","3","quarterly","","",""
"1194","86","4","bulky","","",""
"1195","86","5","symmetrical","","",""
"1196","86","6","greasy","","",""
"1197","86","7","integral","","",""
"1198","86","8","linear","","",""
"1199","86","9","stationary","","",""
"1200","86","10","auxiliary","","",""
"1201","86","11","medieval","","",""
"1202","86","12","ominous","","",""
"1203","86","13","invaluable","","",""
"1204","86","14","opulent","","",""
"1205","87","1","disposable","","",""
"1206","87","2","inexpensive","","",""
"1207","87","3","fake","","",""
"1208","87","4","exotic","","",""
"1209","87","5","hardy","","",""
"1210","87","6","durable","","",""
"1211","87","7","in","","",""
"1212","87","8","deficiency","","",""
"1213","87","9","authentic","","",""
"1214","87","10","versatile","","",""
"1215","87","11","avant-garde","","",""
"1216","87","12","worthwhile","","",""
"1217","87","13","interactive","","",""
"1218","87","14","compatible","","",""
"1219","88","1","indebted","","",""
"1220","88","2","sheer","","",""
"1221","88","3","complimentary","","",""
"1222","88","4","wholesome","","",""
"1223","88","5","well-to-do","","",""
"1224","88","6","decent","","",""
"1225","88","7","conventional","","",""
"1226","88","8","routine","","",""
"1227","88","9","habitual","","",""
"1228","88","10","void","","",""
"1229","88","11","matrimonial","","",""
"1230","88","12","marital","","",""
"1231","88","13","exhilarating","","",""
"1232","88","14","substantial","","",""
"1233","89","1","costly","","",""
"1234","89","2","superb","","",""
"1235","89","3","prohibitive","","",""
"1236","89","4","ample","","",""
"1237","89","5","neat","","",""
"1238","89","6","tidy","","",""
"1239","89","7","cozy","","",""
"1240","89","8","rustic","","",""
"1241","89","9","vacant","","",""
"1242","89","10","redundant","","",""
"1243","89","11","preliminary","","",""
"1244","89","12","restricted","","",""
"1245","89","13","untidy","","",""
"1246","89","14","soggy","","",""
"1247","90","1","infinite","","",""
"1248","90","2","innumerable","","",""
"1249","90","3","picturesque","","",""
"1250","90","4","bluff","","",""
"1251","90","5","spacious","","",""
"1252","90","6","dense","","",""
"1253","90","7","luminous","","",""
"1254","90","8","glaring","","",""
"1255","90","9","dizzy","","",""
"1256","90","10","marvelous","","",""
"1257","90","11","radioactive","","",""
"1258","90","12","deserted","","",""
"1259","90","13","gloomy","","",""
"1260","90","14","bleak","","",""
"1261","91","1","slick","","",""
"1262","91","2","flexible","","",""
"1263","91","3","rigid","","",""
"1264","91","4","ponderous","","",""
"1265","91","5","flabby","","",""
"1266","91","6","stout","","",""
"1267","91","7","obese","","",""
"1268","91","8","feeble","","",""
"1269","91","9","frail","","",""
"1270","91","10","pregnant","","",""
"1271","91","11","sterile","","",""
"1272","91","12","lame","","",""
"1273","91","13","mute","","",""
"1274","91","14","disabled","","",""
"1275","92","1","optical","","",""
"1276","92","2","acute","","",""
"1277","92","3","chronic","","",""
"1278","92","4","digestive","","",""
"1279","92","5","cardiac","","",""
"1280","92","6","morbid","","",""
"1281","92","7","prickly","","",""
"1282","92","8","handicapped","","",""
"1283","92","9","potent","","",""
"1284","92","10","medical","","",""
"1285","92","11","gradual","","",""
"1286","92","12","contagious","","",""
"1287","92","13","lethal","","",""
"1288","92","14","moribund","","",""
"1289","93","1","illegitimate","","",""
"1290","93","2","naughty","","",""
"1291","93","3","sane","","",""
"1292","93","4","enthusiastic","","",""
"1293","93","5","reckless","","",""
"1294","93","6","penniless","","",""
"1295","93","7","vulnerable","","",""
"1296","93","8","solvent","","",""
"1297","93","9","sober","","",""
"1298","93","10","faulty","","",""
"1299","93","11","juvenile","","",""
"1300","93","12","slack","","",""
"1301","93","13","lone","","",""
"1302","93","14","innocent","","",""
"1303","94","1","acting","","",""
"1304","94","2","vigorous","","",""
"1305","94","3","lucid","","",""
"1306","94","4","impartial","","",""
"1307","94","5","punctual","","",""
"1308","94","6","patriotic","","",""
"1309","94","7","proficient","","",""
"1310","94","8","advanced","","",""
"1311","94","9","eminent","","",""
"1312","94","10","distinguished","","",""
"1313","94","11","zealous","","",""
"1314","94","12","shrewd","","",""
"1315","94","13","rigorous","","",""
"1316","94","14","sensible","","",""
"1317","95","1","courteous","","",""
"1318","95","2","handy","","",""
"1319","95","3","serene","","",""
"1320","95","4","cultivated","","",""
"1321","95","5","refined","","",""
"1322","95","6","enchanting","","",""
"1323","95","7","sophisticated","","",""
"1324","95","8","conspicuous","","",""
"1325","95","9","impressive","","",""
"1326","95","10","fascinating","","",""
"1327","95","11","graceful","","",""
"1328","95","12","yielding","","",""
"1329","95","13","modest","","",""
"1330","95","14","mellow","","",""
"1331","96","1","extravagant","","",""
"1332","96","2","savory","","",""
"1333","96","3","solemn","","",""
"1334","96","4","moderate","","",""
"1335","96","5","na?ve","","",""
"1336","96","6","unilateral","","",""
"1337","96","7","obscure","","",""
"1338","96","8","irrelevant","","",""
"1339","96","9","passive","","",""
"1340","96","10","tame","","",""
"1341","96","11","ridiculous","","",""
"1342","96","12","rude","","",""
"1343","96","13","uptight","","",""
"1344","96","14","nasty","","",""
"1345","97","1","incredible","","",""
"1346","97","2","adverse","","",""
"1347","97","3","relevant","","",""
"1348","97","4","subjective","","",""
"1349","97","5","manifest","","",""
"1350","97","6","verbal","","",""
"1351","97","7","absurd","","",""
"1352","97","8","overt","","",""
"1353","97","9","meaningful","","",""
"1354","97","10","offensive","","",""
"1355","97","11","reciprocal","","",""
"1356","97","12","mutual","","",""
"1357","97","13","coordinate","","",""
"1358","97","14","intimate","","",""
"1359","98","1","dedicated","","",""
"1360","98","2","vehement","","",""
"1361","98","3","competent","","",""
"1362","98","4","gifted","","",""
"1363","98","5","crisp","","",""
"1364","98","6","rational","","",""
"1365","98","7","definite","","",""
"1366","98","8","concrete","","",""
"1367","98","9","voluntary","","",""
"1368","98","10","spontaneous","","",""
"1369","98","11","brisk","","",""
"1370","98","12","foolhardy","","",""
"1371","98","13","utmost","","",""
"1372","98","14","singular","","",""
"1373","99","1","sullen","","",""
"1374","99","2","overbearing","","",""
"1375","99","3","indifferent","","",""
"1376","99","4","blunt","","",""
"1377","99","5","unpleasant","","",""
"1378","99","6","trivial","","",""
"1379","99","7","solitary","","",""
"1380","99","8","dishonest","","",""
"1381","99","9","greedy","","",""
"1382","99","10","changeable","","",""
"1383","99","11","indecisive","","",""
"1384","99","12","critical","","",""
"1385","99","13","exclusive","","",""
"1386","99","14","skeptical","","",""
"1387","100","1","watchful","","",""
"1388","100","2","lavish","","",""
"1389","100","3","earnest","","",""
"1390","100","4","stern","","",""
"1391","100","5","strict","","",""
"1392","100","6","articulate","","",""
"1393","100","7","brief","","",""
"1394","100","8","eloquent","","",""
"1395","100","9","coherent","","",""
"1396","100","10","irresistible","","",""
"1397","100","11","suitable","","",""
"1398","100","12","discreet","","",""
"1399","100","13","swift","","",""
"1400","100","14","prompt","","",""
"1401","101","1","worthy","","",""
"1402","101","2","optimum","","",""
"1403","101","3","eligible","","",""
"1404","101","4","promising","","",""
"1405","101","5","manifold","","",""
"1406","101","6","respective","","",""
"1407","101","7","fluid","","",""
"1408","101","8","perpetual","","",""
"1409","101","9","confidential","","",""
"1410","101","10","onerous","","",""
"1411","101","11","intricate","","",""
"1412","101","12","leading","","",""
"1413","101","13","significant","","",""
"1414","101","14","ad hoc","","",""
"1415","102","1","comparable","","",""
"1416","102","2","tentative","","",""
"1417","102","3","sole","","",""
"1418","102","4","competitive","","",""
"1419","102","5","predominant","","",""
"1420","102","6","overwhelming","","",""
"1421","102","7","widespread","","",""
"1422","102","8","formidable","","",""
"1423","102","9","firsthand","","",""
"1424","102","10","desirable","","",""
"1425","102","11","crucial","","",""
"1426","102","12","striking","","",""
"1427","102","13","blue-chip","","",""
"1428","102","14","worldwide","","",""
"1429","103","1","vocational","","",""
"1430","103","2","clerical","","",""
"1431","103","3","secretarial","","",""
"1432","103","4","deductible","","",""
"1433","103","5","legitimate","","",""
"1434","103","6","pending","","",""
"1435","103","7","invalid","","",""
"1436","103","8","valid","","",""
"1437","103","9","excessive","","",""
"1438","103","10","elusive","","",""
"1439","103","11","outstanding","","",""
"1440","103","12","insolvent","","",""
"1441","103","13","bankrupt","","",""
"1442","103","14","multinational","","",""
"1443","104","1","comprehensive","","",""
"1444","104","2","unjust","","",""
"1445","104","3","acceptable","","",""
"1446","104","4","fundamental","","",""
"1447","104","5","depressed","","",""
"1448","104","6","monetary","","",""
"1449","104","7","financial","","",""
"1450","104","8","unanimous","","",""
"1451","104","9","ultimately","","",""
"1452","104","10","drastic","","",""
"1453","104","11","provisional","","",""
"1454","104","12","deliberate","","",""
"1455","104","13","futile","","",""
"1456","104","14","inevitable","","",""
"1457","105","1","renowned","","",""
"1458","105","2","notorious","","",""
"1459","105","3","lofty","","",""
"1460","105","4","select","","",""
"1461","105","5","holy","","",""
"1462","105","6","immense","","",""
"1463","105","7","commemorative","","",""
"1464","105","8","tax-exempt","","",""
"1465","105","9","detached","","",""
"1466","105","10","needy","","",""
"1467","105","11","destitute","","",""
"1468","105","12","meager","","",""
"1469","105","13","monotonous","","",""
"1470","105","14","tedious","","",""
"1471","106","1","hypocritical","","",""
"1472","106","2","grim","","",""
"1473","106","3","indignant","","",""
"1474","106","4","furious","","",""
"1475","106","5","frantic","","",""
"1476","106","6","vicious","","",""
"1477","106","7","customary","","",""
"1478","106","8","uneasy","","",""
"1479","106","9","hostile","","",""
"1480","106","10","deadly","","",""
"1481","106","11","brutal","","",""
"1482","106","12","wretched","","",""
"1483","106","13","intolerable","","",""
"1484","106","14","exquisite","","",""
"1485","107","1","thorough","","",""
"1486","107","2","random","","",""
"1487","107","3","affluent","","",""
"1488","107","4","trifling","","",""
"1489","107","5","negligible","","",""
"1490","107","6","prospective","","",""
"1491","107","7","anonymous","","",""
"1492","107","8","startling","","",""
"1493","107","9","corresponding","","",""
"1494","107","10","unexpected","","",""
"1495","107","11","vague","","",""
"1496","107","12","evasive","","",""
"1497","107","13","judicial","","",""
"1498","107","14","punishable","","",""
"1499","108","1","dominant","","",""
"1500","108","2","inaugural","","",""
"1501","108","3","democratic","","",""
"1502","108","4","innovative","","",""
"1503","108","5","prosperous","","",""
"1504","108","6","federal","","",""
"1505","108","7","strategic","","",""
"1506","108","8","bilateral","","",""
"1507","108","9","utter","","",""
"1508","108","10","radical","","",""
"1509","108","11","compulsory","","",""
"1510","108","12","neutral","","",""
"1511","108","13","militant","","",""
"1512","108","14","oppressive","","",""
